fill_time,close_time,symbol,side,setup,r_multiple,entry_balance
2025-04-21T08:30:00+00:00,2025-04-22T16:00:00+00:00,EURUSD,buy,london_breakout,-1.0000,50000.00
2025-04-22T16:15:00+00:00,2025-04-22T16:30:00+00:00,EURUSD,buy,london_breakout,-1.0000,49750.00
2025-04-23T00:00:00+00:00,2025-04-23T12:00:00+00:00,AUDUSD,buy,failed_breakout_fade,2.4853,49501.25
2025-04-23T13:30:00+00:00,2025-04-23T14:15:00+00:00,USTEC,buy,ny_momentum,0.0000,50116.37
2025-04-23T13:30:00+00:00,2025-04-23T14:15:00+00:00,US500,buy,ny_momentum,0.0000,50116.37
2025-04-24T08:00:00+00:00,2025-04-25T12:00:00+00:00,AUDUSD,buy,failed_breakout_fade,1.5000,50116.37
2025-04-24T17:00:00+00:00,2025-04-24T22:00:00+00:00,XAUUSD,sell,gold_pullback,-1.0000,50116.37
2025-04-25T07:00:00+00:00,2025-04-25T16:00:00+00:00,XAUUSD,sell,gold_pullback,1.9999,49865.79
2025-04-25T08:00:00+00:00,2025-04-25T16:00:00+00:00,USDJPY,sell,failed_breakout_fade,0.0000,49865.79
2025-04-25T13:30:00+00:00,2025-04-25T16:30:00+00:00,USTEC,sell,ny_momentum,-1.0000,50241.66
2025-04-28T04:00:00+00:00,2025-04-28T07:00:00+00:00,XAUUSD,sell,gold_pullback,0.0000,50489.08
2025-04-28T07:45:00+00:00,2025-04-28T09:15:00+00:00,EURUSD,buy,london_breakout,0.0000,50489.08
2025-04-29T04:00:00+00:00,2025-04-30T04:00:00+00:00,AUDUSD,sell,failed_breakout_fade,1.5000,50489.08
2025-04-29T07:30:00+00:00,2025-04-29T10:30:00+00:00,EURUSD,sell,london_breakout,-1.0000,50489.08
2025-04-29T11:00:00+00:00,2025-04-29T12:00:00+00:00,XAUUSD,buy,gold_pullback,-1.0000,50236.63
2025-04-30T05:00:00+00:00,2025-04-30T11:00:00+00:00,XAUUSD,sell,gold_pullback,2.1998,50364.11
2025-04-30T16:00:00+00:00,2025-05-01T08:00:00+00:00,AUDUSD,buy,failed_breakout_fade,1.5000,50918.06
2025-05-01T08:00:00+00:00,2025-05-01T16:00:00+00:00,EURUSD,buy,failed_breakout_fade,0.0000,51299.95
2025-05-01T08:00:00+00:00,2025-05-01T16:00:00+00:00,GBPUSD,buy,failed_breakout_fade,1.5000,51299.95
2025-05-01T08:00:00+00:00,2025-05-01T11:00:00+00:00,EURUSD,sell,london_breakout,-1.0000,51299.95
2025-05-01T20:00:00+00:00,2025-05-02T00:00:00+00:00,USDJPY,sell,failed_breakout_fade,-1.0000,51428.20
2025-05-02T00:00:00+00:00,2025-05-02T12:00:00+00:00,GBPUSD,buy,failed_breakout_fade,0.0000,51171.06
2025-05-05T16:00:00+00:00,2025-05-06T00:00:00+00:00,GBPUSD,sell,failed_breakout_fade,2.9306,51171.06
2025-05-05T16:00:00+00:00,2025-05-06T00:00:00+00:00,USDJPY,buy,failed_breakout_fade,2.3980,51171.06
2025-05-06T07:30:00+00:00,2025-05-06T12:00:00+00:00,EURUSD,buy,london_breakout,0.0000,52534.39
2025-05-06T16:00:00+00:00,2025-05-07T00:00:00+00:00,USDJPY,buy,failed_breakout_fade,0.0000,52534.39
2025-05-08T05:00:00+00:00,2025-05-08T08:00:00+00:00,XAUUSD,buy,gold_pullback,-1.0000,52534.39
2025-05-08T12:00:00+00:00,2025-05-08T20:00:00+00:00,GBPUSD,buy,failed_breakout_fade,1.5000,52271.72
2025-05-08T12:00:00+00:00,2025-05-08T16:00:00+00:00,USDJPY,sell,failed_breakout_fade,-1.0000,52271.72
2025-05-09T00:00:00+00:00,2025-05-09T20:00:00+00:00,USDJPY,sell,failed_breakout_fade,2.2757,52402.39
2025-05-09T04:00:00+00:00,2025-05-12T00:00:00+00:00,EURUSD,buy,failed_breakout_fade,0.0000,52402.39
2025-05-09T04:00:00+00:00,2025-05-12T12:00:00+00:00,AUDUSD,buy,failed_breakout_fade,1.5000,52402.39
2025-05-12T00:00:00+00:00,2025-05-12T08:00:00+00:00,USDJPY,sell,failed_breakout_fade,4.9173,52998.65
2025-05-12T04:00:00+00:00,2025-05-12T08:00:00+00:00,EURUSD,buy,failed_breakout_fade,-1.0000,52998.65
2025-05-12T12:00:00+00:00,2025-05-14T04:00:00+00:00,GBPUSD,buy,failed_breakout_fade,2.0452,54429.73
2025-05-12T16:00:00+00:00,2025-05-13T16:00:00+00:00,AUDUSD,sell,failed_breakout_fade,-1.0000,54429.73
2025-05-13T08:00:00+00:00,2025-05-13T13:00:00+00:00,EURUSD,buy,london_breakout,-1.0000,54429.73
2025-05-13T20:00:00+00:00,2025-05-14T04:00:00+00:00,AUDUSD,sell,failed_breakout_fade,0.0000,53885.43
2025-05-14T04:00:00+00:00,2025-05-14T11:00:00+00:00,XAUUSD,sell,gold_pullback,0.0000,54442.04
2025-05-14T08:00:00+00:00,2025-05-14T12:00:00+00:00,GBPUSD,sell,failed_breakout_fade,-1.0000,54442.04
2025-05-14T08:00:00+00:00,2025-05-14T12:00:00+00:00,AUDUSD,sell,failed_breakout_fade,-1.0000,54442.04
2025-05-14T12:00:00+00:00,2025-05-15T08:00:00+00:00,EURUSD,sell,failed_breakout_fade,1.5000,53897.61
2025-05-16T04:00:00+00:00,2025-05-16T16:00:00+00:00,USDJPY,buy,failed_breakout_fade,2.3056,54301.85
2025-05-16T08:00:00+00:00,2025-05-16T12:45:00+00:00,EURUSD,buy,london_breakout,-1.0000,54301.85
2025-05-16T09:00:00+00:00,2025-05-16T10:00:00+00:00,XAUUSD,buy,gold_pullback,-1.0000,54301.85
2025-05-19T04:00:00+00:00,2025-05-19T08:00:00+00:00,USDJPY,buy,failed_breakout_fade,-1.0000,54384.82
2025-05-19T08:00:00+00:00,2025-05-19T11:00:00+00:00,XAUUSD,buy,gold_pullback,1.9997,54112.89
2025-05-19T12:00:00+00:00,2025-05-20T08:00:00+00:00,EURUSD,sell,failed_breakout_fade,0.0000,54653.94
2025-05-20T08:15:00+00:00,2025-05-20T11:30:00+00:00,EURUSD,buy,london_breakout,0.0000,54653.94
2025-05-20T11:00:00+00:00,2025-05-20T12:00:00+00:00,XAUUSD,buy,gold_pullback,1.9995,54653.94
2025-05-21T08:00:00+00:00,2025-05-21T12:00:00+00:00,EURUSD,sell,failed_breakout_fade,-1.0000,55200.36
2025-05-21T08:00:00+00:00,2025-05-23T08:00:00+00:00,GBPUSD,sell,failed_breakout_fade,-1.0000,55200.36
2025-05-21T08:00:00+00:00,2025-05-21T16:00:00+00:00,USDJPY,buy,failed_breakout_fade,0.0000,55200.36
2025-05-21T18:00:00+00:00,2025-05-22T12:00:00+00:00,XAUUSD,buy,gold_pullback,0.0000,54924.35
2025-05-22T20:00:00+00:00,2025-05-23T04:00:00+00:00,AUDUSD,buy,failed_breakout_fade,2.1883,54924.35
2025-05-23T07:00:00+00:00,2025-05-23T08:00:00+00:00,XAUUSD,buy,gold_pullback,1.9996,55525.31
2025-05-23T07:30:00+00:00,2025-05-23T14:30:00+00:00,EURUSD,buy,london_breakout,1.5000,55525.31
2025-05-23T12:00:00+00:00,2025-05-26T00:00:00+00:00,EURUSD,sell,failed_breakout_fade,-1.0000,55804.46
2025-05-26T00:00:00+00:00,2025-05-26T04:00:00+00:00,USDJPY,buy,failed_breakout_fade,-1.0000,55941.88
2025-05-26T05:00:00+00:00,2025-05-26T12:00:00+00:00,XAUUSD,buy,gold_pullback,-1.0000,55662.17
2025-05-27T04:00:00+00:00,2025-05-27T16:00:00+00:00,USDJPY,buy,failed_breakout_fade,3.9350,55383.86
2025-05-27T06:00:00+00:00,2025-05-27T07:00:00+00:00,XAUUSD,buy,gold_pullback,-1.0000,55383.86
2025-05-27T08:15:00+00:00,2025-05-27T09:15:00+00:00,EURUSD,sell,london_breakout,-1.0000,55106.94
2025-05-28T00:00:00+00:00,2025-05-28T04:00:00+00:00,EURUSD,buy,failed_breakout_fade,-1.0000,55921.09
2025-05-28T00:00:00+00:00,2025-05-28T04:00:00+00:00,AUDUSD,buy,failed_breakout_fade,-1.0000,55921.09
2025-05-28T06:00:00+00:00,2025-05-28T10:00:00+00:00,XAUUSD,sell,gold_pullback,-1.0000,55361.88
2025-05-28T08:00:00+00:00,2025-05-28T16:00:00+00:00,GBPUSD,buy,failed_breakout_fade,1.5000,55361.88
2025-05-28T08:15:00+00:00,2025-05-28T10:30:00+00:00,EURUSD,sell,london_breakout,-1.0000,55361.88
2025-05-28T13:30:00+00:00,2025-05-28T16:45:00+00:00,USTEC,buy,ny_momentum,0.0000,54808.26
2025-05-29T04:00:00+00:00,2025-05-29T12:00:00+00:00,USDJPY,sell,failed_breakout_fade,3.5162,55223.48
2025-05-29T04:00:00+00:00,2025-05-30T00:00:00+00:00,AUDUSD,buy,failed_breakout_fade,1.5000,55223.48
2025-05-29T12:00:00+00:00,2025-05-29T13:00:00+00:00,XAUUSD,sell,gold_pullback,-1.0000,56194.37
2025-05-29T20:00:00+00:00,2025-05-30T04:00:00+00:00,EURUSD,sell,failed_breakout_fade,-1.0000,55913.40
2025-05-30T04:00:00+00:00,2025-05-30T16:00:00+00:00,USDJPY,buy,failed_breakout_fade,0.0000,56048.01
2025-05-30T08:00:00+00:00,2025-06-02T08:00:00+00:00,EURUSD,sell,failed_breakout_fade,-1.0000,56048.01
2025-05-30T08:00:00+00:00,2025-05-30T15:00:00+00:00,EURUSD,sell,london_breakout,0.0000,56048.01
2025-05-30T17:00:00+00:00,2025-05-30T21:00:00+00:00,XAUUSD,sell,gold_pullback,-0.7188,56048.01
2025-06-02T04:00:00+00:00,2025-06-02T08:00:00+00:00,AUDUSD,sell,failed_breakout_fade,-1.0000,55846.58
2025-06-02T12:00:00+00:00,2025-06-02T16:00:00+00:00,EURUSD,sell,failed_breakout_fade,-1.0000,55287.11
2025-06-02T16:00:00+00:00,2025-06-03T00:00:00+00:00,GBPUSD,sell,failed_breakout_fade,0.0000,55010.67
2025-06-02T16:00:00+00:00,2025-06-03T00:00:00+00:00,USDJPY,buy,failed_breakout_fade,-1.0000,55010.67
2025-06-03T04:00:00+00:00,2025-06-03T16:00:00+00:00,USDJPY,buy,failed_breakout_fade,2.1929,54735.62
2025-06-03T05:00:00+00:00,2025-06-03T17:00:00+00:00,XAUUSD,buy,gold_pullback,-1.0000,54735.62
2025-06-03T08:30:00+00:00,2025-06-04T09:45:00+00:00,EURUSD,sell,london_breakout,2.2069,54735.62
2025-06-04T02:00:00+00:00,2025-06-04T04:00:00+00:00,XAUUSD,buy,gold_pullback,-1.0000,55062.09
2025-06-04T08:00:00+00:00,2025-06-04T20:00:00+00:00,EURUSD,buy,failed_breakout_fade,2.6703,54786.78
2025-06-04T08:00:00+00:00,2025-06-04T16:00:00+00:00,USDJPY,sell,failed_breakout_fade,2.5313,54786.78
2025-06-04T10:00:00+00:00,2025-06-04T10:15:00+00:00,EURUSD,sell,london_breakout,-1.0000,55390.77
2025-06-04T20:00:00+00:00,2025-06-05T04:00:00+00:00,AUDUSD,sell,failed_breakout_fade,1.5000,56538.71
2025-06-05T08:00:00+00:00,2025-06-05T12:00:00+00:00,AUDUSD,sell,failed_breakout_fade,-1.0000,56962.75
2025-06-05T08:30:00+00:00,2025-06-05T10:15:00+00:00,EURUSD,sell,london_breakout,-1.0000,56962.75
2025-06-05T11:00:00+00:00,2025-06-05T13:00:00+00:00,XAUUSD,buy,gold_pullback,1.9998,56677.94
2025-06-06T07:00:00+00:00,2025-06-06T08:00:00+00:00,XAUUSD,buy,gold_pullback,-1.0000,56959.83
2025-06-06T08:15:00+00:00,2025-06-06T15:30:00+00:00,EURUSD,sell,london_breakout,1.5000,56675.03
2025-06-09T12:00:00+00:00,2025-06-10T14:00:00+00:00,XAUUSD,sell,gold_pullback,-1.0000,57100.10
2025-06-10T16:00:00+00:00,2025-06-11T08:00:00+00:00,EURUSD,sell,failed_breakout_fade,0.0000,56814.60
2025-06-10T19:00:00+00:00,2025-06-10T22:00:00+00:00,XAUUSD,sell,gold_pullback,-1.0000,56814.60
2025-06-11T12:00:00+00:00,2025-06-12T16:00:00+00:00,USDJPY,sell,failed_breakout_fade,2.5485,56530.52
2025-06-11T18:00:00+00:00,2025-06-11T19:00:00+00:00,XAUUSD,buy,gold_pullback,-1.0000,56530.52
2025-06-11T20:00:00+00:00,2025-06-12T00:00:00+00:00,EURUSD,sell,failed_breakout_fade,-1.0000,56247.87
2025-06-11T20:00:00+00:00,2025-06-12T00:00:00+00:00,GBPUSD,sell,failed_breakout_fade,-1.0000,56247.87
2025-06-12T04:00:00+00:00,2025-06-12T08:00:00+00:00,EURUSD,sell,failed_breakout_fade,-1.0000,55685.39
2025-06-12T04:00:00+00:00,2025-06-12T08:00:00+00:00,GBPUSD,sell,failed_breakout_fade,2.2474,55685.39
2025-06-12T08:00:00+00:00,2025-06-13T00:00:00+00:00,AUDUSD,buy,failed_breakout_fade,0.0000,56032.69
2025-06-12T12:00:00+00:00,2025-06-12T16:00:00+00:00,XAUUSD,buy,gold_pullback,1.9998,56032.69
2025-06-13T00:00:00+00:00,2025-06-13T08:00:00+00:00,GBPUSD,sell,failed_breakout_fade,2.2405,57313.29
2025-06-13T07:15:00+00:00,2025-06-13T21:00:00+00:00,EURUSD,sell,london_breakout,-0.4714,57313.29
2025-06-16T08:15:00+00:00,2025-06-16T16:00:00+00:00,EURUSD,buy,london_breakout,2.6341,57820.27
2025-06-17T05:00:00+00:00,2025-06-17T07:00:00+00:00,XAUUSD,sell,gold_pullback,0.0000,58581.78
2025-06-17T07:30:00+00:00,2025-06-17T08:45:00+00:00,EURUSD,buy,london_breakout,-1.0000,58581.78
2025-06-17T13:30:00+00:00,2025-06-17T13:45:00+00:00,USTEC,sell,ny_momentum,-1.0000,58288.87
2025-06-18T00:00:00+00:00,2025-06-18T12:00:00+00:00,EURUSD,buy,failed_breakout_fade,2.3968,57997.43
2025-06-18T00:00:00+00:00,2025-06-18T12:00:00+00:00,GBPUSD,buy,failed_breakout_fade,2.5692,57997.43
2025-06-18T02:00:00+00:00,2025-06-18T05:00:00+00:00,XAUUSD,sell,gold_pullback,2.1997,57997.43
2025-06-18T07:45:00+00:00,2025-06-18T11:15:00+00:00,EURUSD,buy,london_breakout,0.0000,58635.31
2025-06-19T05:00:00+00:00,2025-06-19T09:00:00+00:00,XAUUSD,sell,gold_pullback,1.9997,60075.40
2025-06-19T08:00:00+00:00,2025-06-20T16:00:00+00:00,EURUSD,buy,failed_breakout_fade,1.5000,60075.40
2025-06-19T08:00:00+00:00,2025-06-20T16:00:00+00:00,GBPUSD,buy,failed_breakout_fade,2.2000,60075.40
2025-06-20T07:00:00+00:00,2025-06-20T15:45:00+00:00,EURUSD,buy,london_breakout,-1.0000,60676.08
2025-06-20T20:00:00+00:00,2025-06-23T00:00:00+00:00,EURUSD,sell,failed_breakout_fade,7.2707,61484.09
2025-06-20T20:00:00+00:00,2025-06-23T00:00:00+00:00,GBPUSD,sell,failed_breakout_fade,1.1307,61484.09
2025-06-23T08:00:00+00:00,2025-06-23T12:00:00+00:00,XAUUSD,sell,gold_pullback,-1.0000,64066.86
2025-06-23T08:30:00+00:00,2025-06-23T12:00:00+00:00,EURUSD,buy,london_breakout,-1.0000,64066.86
2025-06-23T12:00:00+00:00,2025-06-23T20:00:00+00:00,USDJPY,sell,failed_breakout_fade,2.5665,63426.19
2025-06-24T08:00:00+00:00,2025-06-24T16:00:00+00:00,EURUSD,sell,failed_breakout_fade,-1.0000,64240.11
2025-06-24T08:45:00+00:00,2025-06-24T10:30:00+00:00,EURUSD,buy,london_breakout,-1.0000,64240.11
2025-06-25T12:00:00+00:00,2025-06-25T18:00:00+00:00,XAUUSD,sell,gold_pullback,0.0000,63597.71
2025-06-26T04:00:00+00:00,2025-06-26T08:00:00+00:00,EURUSD,sell,failed_breakout_fade,-1.0000,63597.71
2025-06-26T16:00:00+00:00,2025-06-26T20:00:00+00:00,XAUUSD,sell,gold_pullback,-1.0000,63279.72
2025-06-26T20:00:00+00:00,2025-06-30T00:00:00+00:00,AUDUSD,sell,failed_breakout_fade,2.3226,62963.33
2025-06-27T16:00:00+00:00,2025-06-30T00:00:00+00:00,EURUSD,sell,failed_breakout_fade,2.7700,62963.33
2025-06-30T07:00:00+00:00,2025-06-30T20:00:00+00:00,XAUUSD,sell,gold_pullback,-1.0000,64566.57
2025-06-30T16:00:00+00:00,2025-07-01T12:00:00+00:00,GBPUSD,buy,failed_breakout_fade,2.4086,64566.57
2025-07-01T04:00:00+00:00,2025-07-01T08:00:00+00:00,EURUSD,sell,failed_breakout_fade,-1.0000,64243.74
2025-07-01T04:00:00+00:00,2025-07-01T08:00:00+00:00,USDJPY,buy,failed_breakout_fade,-1.0000,64243.74
2025-07-01T16:00:00+00:00,2025-07-02T12:00:00+00:00,GBPUSD,sell,failed_breakout_fade,1.9914,64378.89
2025-07-02T06:00:00+00:00,2025-07-03T15:00:00+00:00,XAUUSD,buy,gold_pullback,0.0000,64378.89
2025-07-02T08:45:00+00:00,2025-07-02T14:30:00+00:00,EURUSD,sell,london_breakout,2.5054,64378.89
2025-07-02T16:00:00+00:00,2025-07-03T12:00:00+00:00,GBPUSD,buy,failed_breakout_fade,0.0000,65826.39
2025-07-07T03:00:00+00:00,2025-07-07T04:00:00+00:00,XAUUSD,sell,gold_pullback,1.9996,65826.39
2025-07-07T08:15:00+00:00,2025-07-07T11:45:00+00:00,EURUSD,sell,london_breakout,2.4837,66484.54
2025-07-07T12:00:00+00:00,2025-07-07T20:00:00+00:00,GBPUSD,buy,failed_breakout_fade,3.2485,67310.18
2025-07-07T12:00:00+00:00,2025-07-07T20:00:00+00:00,AUDUSD,buy,failed_breakout_fade,1.5000,67310.18
2025-07-07T20:00:00+00:00,2025-07-08T04:00:00+00:00,EURUSD,buy,failed_breakout_fade,2.5326,68908.31
2025-07-07T20:00:00+00:00,2025-07-08T04:00:00+00:00,USDJPY,sell,failed_breakout_fade,0.0000,68908.31
2025-07-08T08:00:00+00:00,2025-07-08T12:00:00+00:00,USDJPY,sell,failed_breakout_fade,-1.0000,69780.88
2025-07-08T16:00:00+00:00,2025-07-11T12:00:00+00:00,GBPUSD,buy,failed_breakout_fade,-1.0000,69431.98
2025-07-10T12:00:00+00:00,2025-07-10T16:00:00+00:00,AUDUSD,sell,failed_breakout_fade,-1.0000,69431.98
2025-07-10T16:00:00+00:00,2025-07-10T17:00:00+00:00,XAUUSD,buy,gold_pullback,-1.0000,69084.82
2025-07-11T00:00:00+00:00,2025-07-15T12:00:00+00:00,AUDUSD,sell,failed_breakout_fade,0.0000,68739.39
2025-07-11T16:00:00+00:00,2025-07-14T04:00:00+00:00,GBPUSD,buy,failed_breakout_fade,-1.0000,68392.23
2025-07-14T00:00:00+00:00,2025-07-14T08:00:00+00:00,EURUSD,buy,failed_breakout_fade,3.4981,68392.23
2025-07-14T09:00:00+00:00,2025-07-14T23:00:00+00:00,XAUUSD,buy,gold_pullback,-1.0000,69246.48
2025-07-15T00:00:00+00:00,2025-07-15T12:00:00+00:00,GBPUSD,buy,failed_breakout_fade,1.5000,68900.24
2025-07-15T00:00:00+00:00,2025-07-15T12:00:00+00:00,USDJPY,sell,failed_breakout_fade,-1.0000,68900.24
2025-07-15T16:00:00+00:00,2025-07-15T20:00:00+00:00,AUDUSD,buy,failed_breakout_fade,-1.0000,69072.50
2025-07-15T20:00:00+00:00,2025-07-16T12:00:00+00:00,EURUSD,buy,failed_breakout_fade,2.4294,68727.13
2025-07-16T00:00:00+00:00,2025-07-16T08:00:00+00:00,GBPUSD,buy,failed_breakout_fade,2.6050,68727.13
2025-07-16T04:00:00+00:00,2025-07-16T16:00:00+00:00,USDJPY,sell,failed_breakout_fade,2.3668,68727.13
2025-07-16T14:00:00+00:00,2025-07-16T17:00:00+00:00,XAUUSD,sell,gold_pullback,0.0000,70457.14
2025-07-16T16:00:00+00:00,2025-07-17T08:00:00+00:00,EURUSD,buy,failed_breakout_fade,0.0000,71270.45
2025-07-16T16:00:00+00:00,2025-07-17T04:00:00+00:00,AUDUSD,buy,failed_breakout_fade,-1.0000,71270.45
2025-07-17T05:00:00+00:00,2025-07-17T06:00:00+00:00,XAUUSD,buy,gold_pullback,-1.0000,70914.10
2025-07-18T07:00:00+00:00,2025-07-18T08:00:00+00:00,XAUUSD,sell,gold_pullback,-1.0000,70559.53
2025-07-21T03:00:00+00:00,2025-07-21T08:00:00+00:00,XAUUSD,buy,gold_pullback,2.1996,70206.73
2025-07-22T06:00:00+00:00,2025-07-23T03:00:00+00:00,XAUUSD,buy,gold_pullback,1.9999,70978.88
2025-07-22T20:00:00+00:00,2025-07-23T04:00:00+00:00,GBPUSD,sell,failed_breakout_fade,0.0000,70978.88
2025-07-23T08:30:00+00:00,2025-07-23T10:00:00+00:00,EURUSD,sell,london_breakout,-1.0000,71688.62
2025-07-23T15:00:00+00:00,2025-07-23T18:00:00+00:00,XAUUSD,buy,gold_pullback,-1.0000,71330.18
2025-07-24T00:00:00+00:00,2025-07-24T12:00:00+00:00,GBPUSD,sell,failed_breakout_fade,2.4719,70973.53
2025-07-25T04:00:00+00:00,2025-07-25T08:00:00+00:00,USDJPY,sell,failed_breakout_fade,-1.0000,71850.74
2025-07-25T16:00:00+00:00,2025-07-28T08:00:00+00:00,EURUSD,buy,failed_breakout_fade,1.5000,71491.49
2025-07-25T16:00:00+00:00,2025-07-28T08:00:00+00:00,AUDUSD,buy,failed_breakout_fade,0.0000,71491.49
2025-07-28T07:30:00+00:00,2025-07-28T10:15:00+00:00,EURUSD,sell,london_breakout,2.4826,71491.49
2025-07-28T08:00:00+00:00,2025-07-28T16:00:00+00:00,XAUUSD,sell,gold_pullback,1.9998,72027.67
2025-07-28T12:00:00+00:00,2025-07-28T16:00:00+00:00,GBPUSD,buy,failed_breakout_fade,-1.0000,72915.11
2025-07-28T12:00:00+00:00,2025-07-28T16:00:00+00:00,USDJPY,sell,failed_breakout_fade,-1.0000,72915.11
2025-07-28T20:00:00+00:00,2025-07-29T08:00:00+00:00,AUDUSD,buy,failed_breakout_fade,0.0000,72906.17
2025-07-29T04:00:00+00:00,2025-07-29T08:00:00+00:00,EURUSD,buy,failed_breakout_fade,-1.0000,72906.17
2025-07-29T04:00:00+00:00,2025-07-29T08:00:00+00:00,GBPUSD,buy,failed_breakout_fade,-1.0000,72906.17
2025-07-29T10:00:00+00:00,2025-07-29T18:00:00+00:00,XAUUSD,sell,gold_pullback,-1.0000,72177.11
2025-07-29T16:00:00+00:00,2025-07-30T04:00:00+00:00,USDJPY,sell,failed_breakout_fade,3.0192,72177.11
2025-07-30T16:00:00+00:00,2025-07-30T20:00:00+00:00,EURUSD,buy,failed_breakout_fade,-1.0000,72905.82
2025-07-31T00:00:00+00:00,2025-07-31T08:00:00+00:00,GBPUSD,buy,failed_breakout_fade,1.5000,72541.29
2025-07-31T08:15:00+00:00,2025-07-31T10:30:00+00:00,EURUSD,buy,london_breakout,0.0000,73085.35
2025-08-01T00:00:00+00:00,2025-08-01T08:00:00+00:00,AUDUSD,buy,failed_breakout_fade,2.3615,73085.35
2025-08-01T04:00:00+00:00,2025-08-01T12:00:00+00:00,USDJPY,sell,failed_breakout_fade,2.6923,73085.35
2025-08-01T07:00:00+00:00,2025-08-01T13:00:00+00:00,XAUUSD,sell,gold_pullback,-1.0000,73085.35
2025-08-01T08:45:00+00:00,2025-08-01T10:45:00+00:00,EURUSD,buy,london_breakout,-1.0000,73948.32
2025-08-01T12:00:00+00:00,2025-08-01T20:00:00+00:00,EURUSD,buy,failed_breakout_fade,4.0090,74562.42
2025-08-01T12:00:00+00:00,2025-08-01T20:00:00+00:00,GBPUSD,buy,failed_breakout_fade,2.9748,74562.42
2025-08-04T00:00:00+00:00,2025-08-04T12:00:00+00:00,USDJPY,buy,failed_breakout_fade,2.3729,76800.62
2025-08-04T16:00:00+00:00,2025-08-06T16:00:00+00:00,GBPUSD,sell,failed_breakout_fade,-1.0000,77711.82
2025-08-05T08:15:00+00:00,2025-08-05T16:30:00+00:00,EURUSD,sell,london_breakout,0.0000,77711.82
2025-08-05T09:00:00+00:00,2025-08-05T13:00:00+00:00,XAUUSD,buy,gold_pullback,-1.0000,77711.82
2025-08-06T08:00:00+00:00,2025-08-06T12:00:00+00:00,EURUSD,sell,failed_breakout_fade,-1.0000,77323.26
2025-08-06T08:00:00+00:00,2025-08-06T12:00:00+00:00,AUDUSD,sell,failed_breakout_fade,-1.0000,77323.26
2025-08-06T17:00:00+00:00,2025-08-07T03:00:00+00:00,XAUUSD,buy,gold_pullback,-1.0000,76161.47
2025-08-07T04:00:00+00:00,2025-08-07T08:00:00+00:00,XAUUSD,buy,gold_pullback,0.0000,75780.66
2025-08-08T07:00:00+00:00,2025-08-08T14:00:00+00:00,XAUUSD,buy,gold_pullback,-1.0000,75780.66
2025-08-08T08:00:00+00:00,2025-08-08T10:00:00+00:00,EURUSD,sell,london_breakout,0.0000,75780.66
2025-08-08T16:00:00+00:00,2025-08-11T04:00:00+00:00,USDJPY,sell,failed_breakout_fade,2.2973,75401.76
2025-08-11T08:00:00+00:00,2025-08-11T12:00:00+00:00,GBPUSD,sell,failed_breakout_fade,2.2803,76267.86
2025-08-12T04:00:00+00:00,2025-08-12T12:00:00+00:00,USDJPY,sell,failed_breakout_fade,1.5000,77137.41
2025-08-12T09:00:00+00:00,2025-08-13T17:00:00+00:00,XAUUSD,sell,gold_pullback,-1.0000,77137.41
2025-08-12T12:00:00+00:00,2025-08-13T12:00:00+00:00,AUDUSD,buy,failed_breakout_fade,2.8820,77715.94
2025-08-13T12:00:00+00:00,2025-08-14T12:00:00+00:00,EURUSD,sell,failed_breakout_fade,1.5000,78835.82
2025-08-13T12:00:00+00:00,2025-08-13T16:00:00+00:00,USDJPY,buy,failed_breakout_fade,-1.0000,78835.82
2025-08-13T16:00:00+00:00,2025-08-14T04:00:00+00:00,AUDUSD,sell,failed_breakout_fade,-1.0000,78441.64
2025-08-14T04:00:00+00:00,2025-08-14T12:00:00+00:00,GBPUSD,sell,failed_breakout_fade,0.0000,77663.75
2025-08-14T08:00:00+00:00,2025-08-14T16:00:00+00:00,USDJPY,buy,failed_breakout_fade,2.8760,77663.75
2025-08-15T10:00:00+00:00,2025-08-15T21:00:00+00:00,XAUUSD,sell,gold_pullback,0.5066,79371.83
2025-08-18T00:00:00+00:00,2025-08-18T12:00:00+00:00,EURUSD,sell,failed_breakout_fade,2.3327,79572.89
2025-08-18T16:00:00+00:00,2025-08-18T17:00:00+00:00,XAUUSD,sell,gold_pullback,2.1991,80501.01
2025-08-19T00:00:00+00:00,2025-08-19T04:00:00+00:00,GBPUSD,buy,failed_breakout_fade,-1.0000,81386.16
2025-08-19T04:00:00+00:00,2025-08-19T16:00:00+00:00,EURUSD,buy,failed_breakout_fade,0.0000,80979.23
2025-08-19T04:00:00+00:00,2025-08-20T16:00:00+00:00,USDJPY,sell,failed_breakout_fade,2.0622,80979.23
2025-08-19T09:00:00+00:00,2025-08-19T10:00:00+00:00,XAUUSD,sell,gold_pullback,-1.0000,80979.23
2025-08-20T00:00:00+00:00,2025-08-20T04:00:00+00:00,AUDUSD,buy,failed_breakout_fade,-1.0000,80574.33
2025-08-21T08:00:00+00:00,2025-08-21T16:00:00+00:00,GBPUSD,buy,failed_breakout_fade,0.0000,81006.43
2025-08-21T08:00:00+00:00,2025-08-21T16:00:00+00:00,AUDUSD,buy,failed_breakout_fade,0.0000,81006.43
2025-08-21T12:00:00+00:00,2025-08-21T13:00:00+00:00,XAUUSD,buy,gold_pullback,-1.0000,81006.43
2025-08-22T00:00:00+00:00,2025-08-22T08:00:00+00:00,AUDUSD,buy,failed_breakout_fade,2.5231,80601.40
2025-08-22T04:00:00+00:00,2025-08-22T05:00:00+00:00,XAUUSD,buy,gold_pullback,-1.0000,80601.40
2025-08-22T07:15:00+00:00,2025-08-22T14:00:00+00:00,EURUSD,sell,london_breakout,-1.0000,80198.39
2025-08-22T08:00:00+00:00,2025-08-22T16:00:00+00:00,GBPUSD,buy,failed_breakout_fade,4.1966,81215.21
2025-08-22T08:00:00+00:00,2025-08-22T16:00:00+00:00,USDJPY,sell,failed_breakout_fade,3.3118,81215.21
2025-08-22T20:00:00+00:00,2025-08-25T16:00:00+00:00,EURUSD,sell,failed_breakout_fade,2.0233,83863.16
2025-08-25T17:00:00+00:00,2025-08-26T02:00:00+00:00,XAUUSD,buy,gold_pullback,-1.0000,84711.55
2025-08-27T07:15:00+00:00,2025-08-27T11:30:00+00:00,EURUSD,sell,london_breakout,2.5824,84287.99
2025-08-27T08:00:00+00:00,2025-08-27T12:00:00+00:00,USDJPY,sell,failed_breakout_fade,-1.0000,84287.99
2025-08-27T11:00:00+00:00,2025-08-27T14:00:00+00:00,XAUUSD,buy,gold_pullback,-1.0000,84287.99
2025-08-27T12:00:00+00:00,2025-08-27T16:00:00+00:00,AUDUSD,buy,failed_breakout_fade,2.0778,84954.89
2025-08-28T04:00:00+00:00,2025-08-28T12:00:00+00:00,GBPUSD,sell,failed_breakout_fade,0.0000,85416.04
2025-08-28T04:00:00+00:00,2025-08-28T12:00:00+00:00,AUDUSD,sell,failed_breakout_fade,-1.0000,85416.04
2025-08-28T06:00:00+00:00,2025-08-28T16:00:00+00:00,XAUUSD,buy,gold_pullback,1.9997,85416.04
2025-08-28T20:00:00+00:00,2025-08-29T08:00:00+00:00,EURUSD,sell,failed_breakout_fade,1.5000,85842.98
2025-08-29T09:00:00+00:00,2025-08-29T17:00:00+00:00,XAUUSD,buy,gold_pullback,1.9997,86486.80
2025-09-01T04:00:00+00:00,2025-09-01T08:00:00+00:00,AUDUSD,sell,failed_breakout_fade,-1.0000,87351.56
2025-09-01T08:45:00+00:00,2025-09-01T14:45:00+00:00,EURUSD,buy,london_breakout,0.0000,86914.80
2025-09-02T07:00:00+00:00,2025-09-02T09:30:00+00:00,EURUSD,sell,london_breakout,-1.0000,86914.80
2025-09-02T14:00:00+00:00,2025-09-02T22:00:00+00:00,XAUUSD,buy,gold_pullback,1.9999,86480.22
2025-09-03T08:00:00+00:00,2025-09-04T12:00:00+00:00,EURUSD,buy,failed_breakout_fade,0.0000,87344.97
2025-09-03T08:00:00+00:00,2025-09-05T20:00:00+00:00,GBPUSD,buy,failed_breakout_fade,2.6584,87344.97
2025-09-03T08:00:00+00:00,2025-09-04T16:00:00+00:00,USDJPY,sell,failed_breakout_fade,0.0000,87344.97
2025-09-05T03:00:00+00:00,2025-09-05T16:00:00+00:00,XAUUSD,buy,gold_pullback,1.9998,87344.97
2025-09-05T08:45:00+00:00,2025-09-05T15:30:00+00:00,EURUSD,buy,london_breakout,2.5354,87344.97
2025-09-05T16:00:00+00:00,2025-09-08T08:00:00+00:00,AUDUSD,sell,failed_breakout_fade,0.0000,89325.62
2025-09-08T09:00:00+00:00,2025-09-08T18:00:00+00:00,XAUUSD,buy,gold_pullback,1.9999,90486.61
2025-09-08T16:00:00+00:00,2025-09-09T00:00:00+00:00,GBPUSD,sell,failed_breakout_fade,-1.0000,90486.61
2025-09-08T16:00:00+00:00,2025-09-09T00:00:00+00:00,AUDUSD,sell,failed_breakout_fade,0.0000,90486.61
2025-09-09T08:00:00+00:00,2025-09-09T16:00:00+00:00,EURUSD,sell,failed_breakout_fade,2.3237,90938.99
2025-09-09T08:00:00+00:00,2025-09-09T12:00:00+00:00,GBPUSD,sell,failed_breakout_fade,-1.0000,90938.99
2025-09-09T08:45:00+00:00,2025-09-09T09:15:00+00:00,EURUSD,buy,london_breakout,-1.0000,90938.99
2025-09-09T12:00:00+00:00,2025-09-11T12:00:00+00:00,USDJPY,buy,failed_breakout_fade,2.3123,90029.60
2025-09-09T12:00:00+00:00,2025-09-10T04:00:00+00:00,AUDUSD,sell,failed_breakout_fade,1.5000,90029.60
2025-09-09T19:00:00+00:00,2025-09-10T03:00:00+00:00,XAUUSD,buy,gold_pullback,-1.0000,91086.16
2025-09-10T04:00:00+00:00,2025-09-10T08:00:00+00:00,EURUSD,buy,failed_breakout_fade,-1.0000,91305.95
2025-09-10T07:45:00+00:00,2025-09-10T09:45:00+00:00,EURUSD,buy,london_breakout,-1.0000,91305.95
2025-09-10T08:00:00+00:00,2025-09-11T08:00:00+00:00,XAUUSD,buy,gold_pullback,-1.0000,90849.42
2025-09-11T12:00:00+00:00,2025-09-16T16:00:00+00:00,EURUSD,buy,failed_breakout_fade,2.7647,90979.52
2025-09-11T12:00:00+00:00,2025-09-12T08:00:00+00:00,GBPUSD,buy,failed_breakout_fade,1.5000,90979.52
2025-09-11T16:00:00+00:00,2025-09-17T20:00:00+00:00,USDJPY,sell,failed_breakout_fade,1.9312,90979.52
2025-09-15T07:00:00+00:00,2025-09-15T09:00:00+00:00,XAUUSD,buy,gold_pullback,-1.0000,91661.86
2025-09-15T16:00:00+00:00,2025-09-16T16:00:00+00:00,AUDUSD,sell,failed_breakout_fade,-1.0000,91203.55
2025-09-16T19:00:00+00:00,2025-09-17T10:00:00+00:00,XAUUSD,buy,gold_pullback,-1.0000,92005.17
2025-09-17T16:00:00+00:00,2025-09-17T20:00:00+00:00,XAUUSD,buy,gold_pullback,0.0000,91545.15
2025-09-17T20:00:00+00:00,2025-10-09T16:00:00+00:00,EURUSD,sell,failed_breakout_fade,2.7134,92423.63
2025-09-17T20:00:00+00:00,2025-09-22T16:00:00+00:00,GBPUSD,sell,failed_breakout_fade,2.2573,92423.63
2025-09-17T20:00:00+00:00,2025-09-25T20:00:00+00:00,AUDUSD,sell,failed_breakout_fade,2.3540,92423.63
2025-09-22T20:00:00+00:00,2025-09-23T00:00:00+00:00,GBPUSD,buy,failed_breakout_fade,-0.0200,93466.77
2025-09-23T12:00:00+00:00,2025-09-23T20:00:00+00:00,USDJPY,buy,failed_breakout_fade,2.2818,93457.42
2025-09-24T02:00:00+00:00,2025-09-24T18:00:00+00:00,XAUUSD,buy,gold_pullback,-1.0000,94523.69
2025-09-25T13:30:00+00:00,2025-09-25T14:15:00+00:00,US500,sell,ny_momentum,1.8947,94051.07
2025-09-25T15:00:00+00:00,2025-09-25T16:00:00+00:00,XAUUSD,sell,gold_pullback,1.9996,94942.08
2025-09-25T20:00:00+00:00,2025-09-26T16:00:00+00:00,GBPUSD,buy,failed_breakout_fade,2.3279,96979.16
2025-09-25T20:00:00+00:00,2025-09-26T04:00:00+00:00,USDJPY,sell,failed_breakout_fade,0.0000,96979.16
2025-09-26T05:00:00+00:00,2025-09-26T06:00:00+00:00,XAUUSD,sell,gold_pullback,-1.0000,96979.16
2025-09-26T07:45:00+00:00,2025-09-26T13:45:00+00:00,EURUSD,buy,london_breakout,-1.0000,96494.27
2025-09-29T02:00:00+00:00,2025-09-29T07:00:00+00:00,XAUUSD,buy,gold_pullback,1.9998,97140.60
2025-09-29T08:00:00+00:00,2025-09-29T11:15:00+00:00,EURUSD,buy,london_breakout,-1.0000,98111.92
2025-09-30T08:45:00+00:00,2025-09-30T13:00:00+00:00,EURUSD,buy,london_breakout,1.5000,97621.36
2025-09-30T12:00:00+00:00,2025-09-30T16:00:00+00:00,USDJPY,buy,failed_breakout_fade,-1.0000,97621.36
2025-09-30T22:00:00+00:00,2025-10-02T17:00:00+00:00,XAUUSD,buy,gold_pullback,0.0000,97865.42
2025-10-01T16:00:00+00:00,2025-10-02T08:00:00+00:00,GBPUSD,sell,failed_breakout_fade,1.5000,97865.42
2025-10-03T08:00:00+00:00,2025-10-03T16:00:00+00:00,USDJPY,sell,failed_breakout_fade,2.3606,98599.41
2025-10-03T10:00:00+00:00,2025-10-03T12:00:00+00:00,XAUUSD,buy,gold_pullback,-1.0000,98599.41
2025-10-06T00:00:00+00:00,2025-10-06T08:00:00+00:00,AUDUSD,buy,failed_breakout_fade,2.9246,99270.16
2025-10-06T12:00:00+00:00,2025-10-06T20:00:00+00:00,USDJPY,sell,failed_breakout_fade,2.5098,100721.80
2025-10-06T13:30:00+00:00,2025-10-06T13:45:00+00:00,USTEC,buy,ny_momentum,2.1830,100721.80
2025-10-07T14:00:00+00:00,2025-10-08T07:00:00+00:00,XAUUSD,buy,gold_pullback,1.9999,103085.14
2025-10-08T07:30:00+00:00,2025-10-08T16:00:00+00:00,EURUSD,sell,london_breakout,-1.0000,104115.95
2025-10-08T08:00:00+00:00,2025-10-08T16:00:00+00:00,GBPUSD,buy,failed_breakout_fade,1.5000,104115.95
2025-10-09T08:00:00+00:00,2025-10-09T17:00:00+00:00,XAUUSD,buy,gold_pullback,-1.0000,104376.24
2025-10-09T16:00:00+00:00,2025-10-10T00:00:00+00:00,AUDUSD,sell,failed_breakout_fade,3.0522,105630.14
2025-10-09T20:00:00+00:00,2025-10-10T16:00:00+00:00,EURUSD,buy,failed_breakout_fade,2.4687,105108.26
2025-10-09T20:00:00+00:00,2025-10-10T08:00:00+00:00,GBPUSD,buy,failed_breakout_fade,0.0000,105108.26
2025-10-10T08:15:00+00:00,2025-10-10T18:00:00+00:00,EURUSD,buy,london_breakout,2.4923,106720.28
2025-10-10T15:00:00+00:00,2025-10-10T16:00:00+00:00,XAUUSD,sell,gold_pullback,-1.0000,106720.28
2025-10-14T07:15:00+00:00,2025-10-14T09:30:00+00:00,EURUSD,buy,london_breakout,-1.0000,108813.97
2025-10-14T11:00:00+00:00,2025-10-16T04:00:00+00:00,XAUUSD,buy,gold_pullback,1.9999,108269.90
2025-10-14T13:30:00+00:00,2025-10-14T14:00:00+00:00,USTEC,sell,ny_momentum,-1.0000,108269.90
2025-10-14T13:30:00+00:00,2025-10-14T14:00:00+00:00,US500,sell,ny_momentum,-1.0000,108269.90
2025-10-15T08:00:00+00:00,2025-10-15T16:00:00+00:00,GBPUSD,sell,failed_breakout_fade,-1.0000,107187.20
2025-10-16T04:00:00+00:00,2025-10-16T12:00:00+00:00,EURUSD,sell,failed_breakout_fade,0.0000,107733.93
2025-10-16T04:00:00+00:00,2025-10-16T12:00:00+00:00,GBPUSD,sell,failed_breakout_fade,-1.0000,107733.93
2025-10-16T10:00:00+00:00,2025-10-16T23:00:00+00:00,XAUUSD,buy,gold_pullback,1.9999,107733.93
2025-10-16T20:00:00+00:00,2025-10-17T00:00:00+00:00,USDJPY,buy,failed_breakout_fade,-1.0000,107195.26
2025-10-17T08:00:00+00:00,2025-10-21T08:00:00+00:00,EURUSD,sell,failed_breakout_fade,2.6651,107736.59
2025-10-17T08:00:00+00:00,2025-10-17T20:00:00+00:00,GBPUSD,sell,failed_breakout_fade,1.5000,107736.59
2025-10-17T08:00:00+00:00,2025-10-17T10:15:00+00:00,EURUSD,buy,london_breakout,-1.0000,107736.59
2025-10-20T04:00:00+00:00,2025-10-20T16:00:00+00:00,AUDUSD,sell,failed_breakout_fade,0.0000,108005.94
2025-10-20T07:45:00+00:00,2025-10-20T09:15:00+00:00,EURUSD,buy,london_breakout,-1.0000,108005.94
2025-10-20T14:00:00+00:00,2025-10-20T15:00:00+00:00,XAUUSD,buy,gold_pullback,2.1997,107465.91
2025-10-21T08:15:00+00:00,2025-10-21T09:45:00+00:00,EURUSD,sell,london_breakout,0.0000,110083.55
2025-10-21T12:00:00+00:00,2025-10-21T16:00:00+00:00,EURUSD,buy,failed_breakout_fade,1.0000,110083.55
2025-10-21T12:00:00+00:00,2025-10-21T16:00:00+00:00,GBPUSD,buy,failed_breakout_fade,-1.0000,110083.55
2025-10-22T00:00:00+00:00,2025-10-22T08:00:00+00:00,EURUSD,buy,failed_breakout_fade,1.5000,110083.55
2025-10-22T00:00:00+00:00,2025-10-22T08:00:00+00:00,GBPUSD,buy,failed_breakout_fade,-1.0000,110083.55
2025-10-22T11:00:00+00:00,2025-10-23T09:00:00+00:00,XAUUSD,sell,gold_pullback,0.0000,110358.76
2025-10-23T12:00:00+00:00,2025-10-24T04:00:00+00:00,USDJPY,sell,failed_breakout_fade,-1.0000,110358.76
2025-10-23T12:00:00+00:00,2025-10-24T08:00:00+00:00,AUDUSD,sell,failed_breakout_fade,0.0000,110358.76
2025-10-24T02:00:00+00:00,2025-10-24T03:00:00+00:00,XAUUSD,sell,gold_pullback,-1.0000,110358.76
2025-10-24T12:00:00+00:00,2025-10-24T16:00:00+00:00,GBPUSD,buy,failed_breakout_fade,-1.0000,109255.17
2025-10-27T00:00:00+00:00,2025-10-27T04:00:00+00:00,USDJPY,sell,failed_breakout_fade,-1.0000,108708.89
2025-10-27T01:00:00+00:00,2025-10-28T06:00:00+00:00,XAUUSD,sell,gold_pullback,1.9999,108708.89
2025-10-27T12:00:00+00:00,2025-10-28T00:00:00+00:00,EURUSD,sell,failed_breakout_fade,-1.0000,108165.35
2025-10-27T12:00:00+00:00,2025-10-27T20:00:00+00:00,AUDUSD,sell,failed_breakout_fade,0.0000,108165.35
2025-10-28T04:00:00+00:00,2025-10-28T12:00:00+00:00,AUDUSD,sell,failed_breakout_fade,0.0000,107624.52
2025-10-29T07:00:00+00:00,2025-10-29T09:00:00+00:00,XAUUSD,sell,gold_pullback,-1.0000,108711.58
2025-10-29T07:00:00+00:00,2025-10-29T11:45:00+00:00,EURUSD,sell,london_breakout,-1.0000,108711.58
2025-10-29T08:00:00+00:00,2025-10-30T12:00:00+00:00,AUDUSD,sell,failed_breakout_fade,2.2493,108711.58
2025-10-31T07:00:00+00:00,2025-10-31T15:00:00+00:00,XAUUSD,buy,gold_pullback,0.0000,108847.09
2025-10-31T20:00:00+00:00,2025-11-03T08:00:00+00:00,EURUSD,buy,failed_breakout_fade,0.0000,108847.09
2025-11-03T05:00:00+00:00,2025-11-03T07:00:00+00:00,XAUUSD,buy,gold_pullback,-1.0000,108847.09
2025-11-03T16:00:00+00:00,2025-11-04T00:00:00+00:00,EURUSD,buy,failed_breakout_fade,0.0000,108302.86
2025-11-04T08:15:00+00:00,2025-11-04T10:30:00+00:00,EURUSD,buy,london_breakout,0.0000,108302.86
2025-11-04T12:00:00+00:00,2025-11-04T13:00:00+00:00,XAUUSD,sell,gold_pullback,-1.0000,108302.86
2025-11-05T16:00:00+00:00,2025-11-06T08:00:00+00:00,EURUSD,buy,failed_breakout_fade,2.7912,107761.34
2025-11-06T12:00:00+00:00,2025-11-06T16:00:00+00:00,AUDUSD,sell,failed_breakout_fade,2.6010,109265.25
2025-11-07T00:00:00+00:00,2025-11-07T12:00:00+00:00,USDJPY,buy,failed_breakout_fade,1.5000,110686.24
2025-11-07T02:00:00+00:00,2025-11-07T03:00:00+00:00,XAUUSD,buy,gold_pullback,2.1995,110686.24
2025-11-07T20:00:00+00:00,2025-11-10T04:00:00+00:00,GBPUSD,sell,failed_breakout_fade,2.3824,112733.68
2025-11-10T02:00:00+00:00,2025-11-10T03:00:00+00:00,XAUUSD,buy,gold_pullback,1.9998,112733.68
2025-11-10T07:45:00+00:00,2025-11-10T08:45:00+00:00,EURUSD,buy,london_breakout,-1.0000,115203.77
2025-11-10T12:00:00+00:00,2025-11-10T20:00:00+00:00,USDJPY,sell,failed_breakout_fade,0.0000,114627.75
2025-11-10T20:00:00+00:00,2025-11-11T08:00:00+00:00,AUDUSD,sell,failed_breakout_fade,2.4625,114627.75
2025-11-11T22:00:00+00:00,2025-11-12T18:00:00+00:00,XAUUSD,buy,gold_pullback,1.9999,116039.11
2025-11-12T16:00:00+00:00,2025-11-13T08:00:00+00:00,GBPUSD,buy,failed_breakout_fade,0.0000,116039.11
2025-11-12T16:00:00+00:00,2025-11-13T00:00:00+00:00,USDJPY,sell,failed_breakout_fade,1.5000,116039.11
2025-11-12T19:00:00+00:00,2025-11-12T20:00:00+00:00,XAUUSD,buy,gold_pullback,1.9999,117199.44
2025-11-12T20:00:00+00:00,2025-11-13T00:00:00+00:00,AUDUSD,sell,failed_breakout_fade,-1.0000,118371.37
2025-11-13T04:00:00+00:00,2025-11-13T08:00:00+00:00,AUDUSD,sell,failed_breakout_fade,-1.0000,118649.81
2025-11-14T05:00:00+00:00,2025-11-14T08:00:00+00:00,XAUUSD,buy,gold_pullback,-1.0000,118056.56
2025-11-14T07:45:00+00:00,2025-11-14T08:45:00+00:00,EURUSD,buy,london_breakout,-1.0000,118056.56
2025-11-14T12:00:00+00:00,2025-11-17T00:00:00+00:00,AUDUSD,buy,failed_breakout_fade,0.0000,116876.00
2025-11-14T13:30:00+00:00,2025-11-14T14:30:00+00:00,USTEC,sell,ny_momentum,1.9943,116876.00
2025-11-14T13:30:00+00:00,2025-11-14T14:30:00+00:00,US500,sell,ny_momentum,1.9674,116876.00
2025-11-17T12:00:00+00:00,2025-11-18T16:00:00+00:00,XAUUSD,sell,gold_pullback,0.0000,119191.10
2025-11-17T16:00:00+00:00,2025-11-18T12:00:00+00:00,EURUSD,buy,failed_breakout_fade,0.0000,119191.10
2025-11-18T12:00:00+00:00,2025-11-18T16:00:00+00:00,USDJPY,sell,failed_breakout_fade,-1.0000,119191.10
2025-11-18T16:00:00+00:00,2025-11-18T20:00:00+00:00,EURUSD,buy,failed_breakout_fade,-1.0000,118595.15
2025-11-19T04:00:00+00:00,2025-11-19T08:00:00+00:00,GBPUSD,buy,failed_breakout_fade,-1.0000,118002.17
2025-11-19T04:00:00+00:00,2025-11-19T05:00:00+00:00,XAUUSD,sell,gold_pullback,-1.0000,118002.17
2025-11-19T20:00:00+00:00,2025-11-20T04:00:00+00:00,EURUSD,buy,failed_breakout_fade,-1.0000,116822.15
2025-11-20T02:00:00+00:00,2025-11-20T03:00:00+00:00,XAUUSD,buy,gold_pullback,-1.0000,116822.15
2025-11-20T04:00:00+00:00,2025-11-20T12:00:00+00:00,GBPUSD,buy,failed_breakout_fade,1.5000,115653.93
2025-11-20T08:00:00+00:00,2025-11-20T12:00:00+00:00,USDJPY,sell,failed_breakout_fade,-1.0000,115653.93
2025-11-20T12:00:00+00:00,2025-11-21T16:00:00+00:00,EURUSD,buy,failed_breakout_fade,-1.0000,115943.06
2025-11-21T03:00:00+00:00,2025-11-21T04:00:00+00:00,XAUUSD,sell,gold_pullback,-1.0000,115943.06
2025-11-21T08:00:00+00:00,2025-11-21T11:45:00+00:00,EURUSD,buy,london_breakout,-1.0000,115363.35
2025-11-21T12:00:00+00:00,2025-11-26T12:00:00+00:00,AUDUSD,buy,failed_breakout_fade,2.5337,114786.53
2025-11-24T04:00:00+00:00,2025-11-24T11:00:00+00:00,XAUUSD,sell,gold_pullback,-1.0000,114206.82
2025-11-25T12:00:00+00:00,2025-11-28T16:00:00+00:00,XAUUSD,buy,gold_pullback,1.9999,113635.78
2025-11-25T20:00:00+00:00,2025-11-26T04:00:00+00:00,EURUSD,sell,failed_breakout_fade,1.5000,113635.78
2025-11-26T04:00:00+00:00,2025-11-26T16:00:00+00:00,USDJPY,buy,failed_breakout_fade,1.5000,114488.05
2025-11-26T16:00:00+00:00,2025-11-26T20:00:00+00:00,AUDUSD,sell,failed_breakout_fade,-1.0000,116800.88
2025-11-27T04:00:00+00:00,2025-11-27T12:00:00+00:00,EURUSD,sell,failed_breakout_fade,2.2788,116216.87
2025-11-28T17:00:00+00:00,2025-11-28T19:00:00+00:00,XAUUSD,buy,gold_pullback,1.9998,118677.35
2025-12-02T16:00:00+00:00,2025-12-03T00:00:00+00:00,AUDUSD,sell,failed_breakout_fade,-1.0000,119864.01
2025-12-03T07:00:00+00:00,2025-12-03T17:00:00+00:00,EURUSD,buy,london_breakout,1.5000,119264.69
2025-12-03T08:00:00+00:00,2025-12-03T12:00:00+00:00,AUDUSD,sell,failed_breakout_fade,-1.0000,119264.69
2025-12-03T16:00:00+00:00,2025-12-03T17:00:00+00:00,XAUUSD,buy,gold_pullback,-1.0000,118668.37
2025-12-04T05:00:00+00:00,2025-12-04T07:00:00+00:00,XAUUSD,sell,gold_pullback,1.9997,118969.51
2025-12-04T12:00:00+00:00,2025-12-04T16:00:00+00:00,GBPUSD,sell,failed_breakout_fade,-1.0000,120159.03
2025-12-05T03:00:00+00:00,2025-12-05T04:00:00+00:00,XAUUSD,sell,gold_pullback,-1.0000,119558.23
2025-12-05T08:00:00+00:00,2025-12-08T04:00:00+00:00,USDJPY,buy,failed_breakout_fade,1.5000,118960.44
2025-12-05T16:00:00+00:00,2025-12-08T04:00:00+00:00,AUDUSD,sell,failed_breakout_fade,0.0000,118960.44
2025-12-08T00:00:00+00:00,2025-12-08T08:00:00+00:00,GBPUSD,buy,failed_breakout_fade,2.3685,118960.44
2025-12-08T07:30:00+00:00,2025-12-08T09:45:00+00:00,EURUSD,buy,london_breakout,0.0000,119852.65
2025-12-08T08:00:00+00:00,2025-12-08T09:00:00+00:00,XAUUSD,buy,gold_pullback,-1.0000,121261.43
2025-12-09T00:00:00+00:00,2025-12-09T04:00:00+00:00,USDJPY,sell,failed_breakout_fade,-1.0000,120655.12
2025-12-09T04:00:00+00:00,2025-12-11T04:00:00+00:00,AUDUSD,buy,failed_breakout_fade,1.5000,120051.85
2025-12-09T06:00:00+00:00,2025-12-09T11:00:00+00:00,XAUUSD,sell,gold_pullback,-1.0000,120051.85
2025-12-11T04:00:00+00:00,2025-12-11T12:00:00+00:00,USDJPY,buy,failed_breakout_fade,0.0000,120351.98
2025-12-11T08:00:00+00:00,2025-12-11T20:00:00+00:00,AUDUSD,buy,failed_breakout_fade,2.2201,120351.98
2025-12-11T10:00:00+00:00,2025-12-11T14:00:00+00:00,XAUUSD,buy,gold_pullback,-1.0000,120351.98
2025-12-12T13:30:00+00:00,2025-12-12T14:15:00+00:00,USTEC,sell,ny_momentum,-1.0000,121086.21
2025-12-12T22:00:00+00:00,2025-12-12T23:00:00+00:00,XAUUSD,buy,gold_pullback,-0.0141,120480.78
2025-12-15T12:00:00+00:00,2025-12-16T00:00:00+00:00,USDJPY,buy,failed_breakout_fade,1.5000,120472.31
2025-12-15T16:00:00+00:00,2025-12-16T12:00:00+00:00,EURUSD,sell,failed_breakout_fade,-1.0000,120472.31
2025-12-15T20:00:00+00:00,2025-12-16T00:00:00+00:00,AUDUSD,buy,failed_breakout_fade,-1.0000,120472.31
2025-12-16T16:00:00+00:00,2025-12-17T16:00:00+00:00,EURUSD,sell,failed_breakout_fade,1.5000,120171.13
2025-12-16T21:00:00+00:00,2025-12-17T05:00:00+00:00,XAUUSD,buy,gold_pullback,0.0000,120171.13
2025-12-17T06:00:00+00:00,2025-12-17T07:00:00+00:00,XAUUSD,buy,gold_pullback,2.1998,120171.13
2025-12-17T08:00:00+00:00,2025-12-17T13:00:00+00:00,EURUSD,sell,london_breakout,0.0000,121492.87
2025-12-17T12:00:00+00:00,2025-12-17T20:00:00+00:00,USDJPY,sell,failed_breakout_fade,0.0000,121492.87
2025-12-18T04:00:00+00:00,2025-12-18T16:00:00+00:00,AUDUSD,buy,failed_breakout_fade,1.5000,122394.15
2025-12-18T07:00:00+00:00,2025-12-18T11:00:00+00:00,XAUUSD,buy,gold_pullback,-1.0000,122394.15
2025-12-18T12:00:00+00:00,2025-12-18T20:00:00+00:00,USDJPY,sell,failed_breakout_fade,3.3125,121782.18
2025-12-19T12:00:00+00:00,2025-12-19T20:00:00+00:00,EURUSD,buy,failed_breakout_fade,0.0000,124717.16
2025-12-19T17:00:00+00:00,2025-12-19T21:00:00+00:00,XAUUSD,buy,gold_pullback,0.6475,124717.16
2025-12-23T12:00:00+00:00,2025-12-23T20:00:00+00:00,EURUSD,sell,failed_breakout_fade,0.0000,125120.94
2025-12-23T12:00:00+00:00,2025-12-23T20:00:00+00:00,GBPUSD,sell,failed_breakout_fade,0.0000,125120.94
2025-12-23T12:00:00+00:00,2025-12-23T20:00:00+00:00,AUDUSD,sell,failed_breakout_fade,0.0000,125120.94
2025-12-24T04:00:00+00:00,2025-12-24T12:00:00+00:00,EURUSD,sell,failed_breakout_fade,2.2570,125120.94
2025-12-24T04:00:00+00:00,2025-12-24T12:00:00+00:00,GBPUSD,sell,failed_breakout_fade,1.5000,125120.94
2025-12-24T04:00:00+00:00,2025-12-24T16:00:00+00:00,USDJPY,buy,failed_breakout_fade,2.2191,125120.94
2025-12-26T02:00:00+00:00,2025-12-26T21:00:00+00:00,XAUUSD,buy,gold_pullback,0.5583,128859.63
2025-12-26T04:00:00+00:00,2025-12-26T16:00:00+00:00,AUDUSD,sell,failed_breakout_fade,-1.0000,128859.63
2025-12-29T00:00:00+00:00,2025-12-29T08:00:00+00:00,GBPUSD,buy,failed_breakout_fade,3.4173,128575.05
2025-12-29T04:00:00+00:00,2025-12-30T04:00:00+00:00,AUDUSD,sell,failed_breakout_fade,1.5000,128575.05
2025-12-29T07:00:00+00:00,2025-12-29T09:30:00+00:00,EURUSD,sell,london_breakout,-1.0000,128575.05
2025-12-30T12:00:00+00:00,2025-12-30T20:00:00+00:00,GBPUSD,sell,failed_breakout_fade,2.2056,131093.39
2025-12-30T12:00:00+00:00,2025-12-31T20:00:00+00:00,USDJPY,buy,failed_breakout_fade,2.6399,131093.39
2025-12-30T18:00:00+00:00,2026-01-02T03:00:00+00:00,XAUUSD,sell,gold_pullback,0.0000,131093.39
2026-01-02T12:00:00+00:00,2026-01-02T16:00:00+00:00,EURUSD,buy,failed_breakout_fade,2.0000,134269.45
2026-01-02T12:00:00+00:00,2026-01-02T16:00:00+00:00,USDJPY,sell,failed_breakout_fade,2.0657,134269.45
2026-01-05T16:00:00+00:00,2026-01-06T20:00:00+00:00,XAUUSD,buy,gold_pullback,1.9999,136998.94
2026-01-05T20:00:00+00:00,2026-01-06T04:00:00+00:00,USDJPY,buy,failed_breakout_fade,0.0000,136998.94
2026-01-06T08:00:00+00:00,2026-01-07T20:00:00+00:00,GBPUSD,sell,failed_breakout_fade,2.7485,136998.94
2026-01-06T08:00:00+00:00,2026-01-07T00:00:00+00:00,AUDUSD,sell,failed_breakout_fade,-1.0000,136998.94
2026-01-06T21:00:00+00:00,2026-01-09T21:00:00+00:00,XAUUSD,buy,gold_pullback,0.9636,138368.88
2026-01-08T00:00:00+00:00,2026-01-08T08:00:00+00:00,EURUSD,buy,failed_breakout_fade,0.0000,139566.59
2026-01-08T04:00:00+00:00,2026-01-08T08:00:00+00:00,GBPUSD,buy,failed_breakout_fade,-1.0000,139566.59
2026-01-08T16:00:00+00:00,2026-01-09T08:00:00+00:00,AUDUSD,buy,failed_breakout_fade,-1.0000,138868.76
2026-01-09T12:00:00+00:00,2026-01-09T16:00:00+00:00,EURUSD,buy,failed_breakout_fade,-1.0000,138174.41
2026-01-09T12:00:00+00:00,2026-01-09T16:00:00+00:00,GBPUSD,buy,failed_breakout_fade,-1.0000,138174.41
2026-01-09T22:00:00+00:00,2026-01-09T23:00:00+00:00,XAUUSD,buy,gold_pullback,1.9998,137459.31
2026-01-12T00:00:00+00:00,2026-01-12T12:00:00+00:00,GBPUSD,buy,failed_breakout_fade,3.8534,138833.79
2026-01-12T00:00:00+00:00,2026-01-12T08:00:00+00:00,USDJPY,sell,failed_breakout_fade,0.0000,138833.79
2026-01-13T12:00:00+00:00,2026-01-13T16:00:00+00:00,GBPUSD,sell,failed_breakout_fade,2.3923,141508.71
2026-01-14T02:00:00+00:00,2026-01-15T03:00:00+00:00,XAUUSD,buy,gold_pullback,0.0000,143201.37
2026-01-15T08:00:00+00:00,2026-01-15T12:00:00+00:00,EURUSD,buy,failed_breakout_fade,-1.0000,143201.37
2026-01-15T12:00:00+00:00,2026-01-15T14:00:00+00:00,XAUUSD,buy,gold_pullback,0.0000,142485.37
2026-01-15T16:00:00+00:00,2026-01-16T00:00:00+00:00,GBPUSD,buy,failed_breakout_fade,0.0000,142485.37
2026-01-16T12:00:00+00:00,2026-01-19T00:00:00+00:00,AUDUSD,sell,failed_breakout_fade,1.5000,142485.37
2026-01-16T13:00:00+00:00,2026-01-16T14:00:00+00:00,XAUUSD,buy,gold_pullback,-1.0000,142485.37
2026-01-16T16:00:00+00:00,2026-01-19T00:00:00+00:00,USDJPY,buy,failed_breakout_fade,-1.0000,141772.94
2026-01-19T00:00:00+00:00,2026-01-19T08:00:00+00:00,EURUSD,buy,failed_breakout_fade,3.0495,142132.72
2026-01-19T00:00:00+00:00,2026-01-19T08:00:00+00:00,GBPUSD,buy,failed_breakout_fade,3.1505,142132.72
2026-01-19T20:00:00+00:00,2026-01-20T04:00:00+00:00,AUDUSD,sell,failed_breakout_fade,0.0000,146538.81
2026-01-20T05:00:00+00:00,2026-01-20T16:00:00+00:00,XAUUSD,buy,gold_pullback,1.9999,146538.81
2026-01-20T07:00:00+00:00,2026-01-20T11:00:00+00:00,EURUSD,buy,london_breakout,2.5698,146538.81
2026-01-20T08:00:00+00:00,2026-01-20T16:00:00+00:00,USDJPY,sell,failed_breakout_fade,0.0000,146538.81
2026-01-21T12:00:00+00:00,2026-01-21T20:00:00+00:00,GBPUSD,buy,failed_breakout_fade,2.2959,149886.98
2026-01-21T16:00:00+00:00,2026-01-22T00:00:00+00:00,AUDUSD,sell,failed_breakout_fade,0.0000,149886.98
2026-01-22T08:00:00+00:00,2026-01-23T00:00:00+00:00,USDJPY,sell,failed_breakout_fade,1.5000,151607.62
2026-01-22T08:00:00+00:00,2026-01-22T16:00:00+00:00,AUDUSD,sell,failed_breakout_fade,-1.0000,151607.62
2026-01-22T08:00:00+00:00,2026-01-22T19:00:00+00:00,XAUUSD,buy,gold_pullback,1.9999,151607.62
2026-01-23T00:00:00+00:00,2026-01-23T12:00:00+00:00,EURUSD,sell,failed_breakout_fade,1.5000,153502.66
2026-01-23T08:00:00+00:00,2026-01-26T00:00:00+00:00,USDJPY,sell,failed_breakout_fade,3.0558,153502.66
2026-01-23T08:00:00+00:00,2026-01-23T12:00:00+00:00,AUDUSD,sell,failed_breakout_fade,-1.0000,153502.66
2026-01-23T12:00:00+00:00,2026-01-23T16:00:00+00:00,GBPUSD,sell,failed_breakout_fade,-1.0000,153886.41
2026-01-23T12:00:00+00:00,2026-01-23T21:00:00+00:00,XAUUSD,buy,gold_pullback,1.1790,153886.41
2026-01-26T12:00:00+00:00,2026-01-27T08:00:00+00:00,USDJPY,buy,failed_breakout_fade,1.5000,156369.49
2026-01-27T04:00:00+00:00,2026-01-28T03:00:00+00:00,XAUUSD,buy,gold_pullback,2.0000,156369.49
2026-01-27T13:30:00+00:00,2026-01-27T14:15:00+00:00,USTEC,buy,ny_momentum,-1.0000,157542.26
2026-01-28T00:00:00+00:00,2026-01-28T08:00:00+00:00,AUDUSD,sell,failed_breakout_fade,0.0000,156754.55
2026-01-28T07:00:00+00:00,2026-01-28T09:00:00+00:00,EURUSD,sell,london_breakout,-1.0000,158318.21
2026-01-29T00:00:00+00:00,2026-01-29T04:00:00+00:00,AUDUSD,sell,failed_breakout_fade,-1.0000,157526.62
2026-01-30T02:00:00+00:00,2026-01-30T03:00:00+00:00,XAUUSD,buy,gold_pullback,-1.0000,156738.99
2026-01-30T04:00:00+00:00,2026-01-30T16:00:00+00:00,EURUSD,buy,failed_breakout_fade,0.0000,155955.29
2026-02-02T00:00:00+00:00,2026-02-02T08:00:00+00:00,EURUSD,buy,failed_breakout_fade,0.0000,155955.29
2026-02-02T00:00:00+00:00,2026-02-02T12:00:00+00:00,GBPUSD,buy,failed_breakout_fade,0.0000,155955.29
2026-02-02T00:00:00+00:00,2026-02-02T04:00:00+00:00,AUDUSD,buy,failed_breakout_fade,-1.0000,155955.29
2026-02-02T17:00:00+00:00,2026-02-03T18:00:00+00:00,XAUUSD,sell,gold_pullback,-1.0000,155175.51
2026-02-03T08:00:00+00:00,2026-02-06T00:00:00+00:00,AUDUSD,sell,failed_breakout_fade,2.0121,155175.51
2026-02-03T16:00:00+00:00,2026-02-04T00:00:00+00:00,USDJPY,sell,failed_breakout_fade,0.0000,155175.51
2026-02-04T08:00:00+00:00,2026-02-04T16:00:00+00:00,GBPUSD,sell,failed_breakout_fade,2.4934,154399.64
2026-02-04T12:00:00+00:00,2026-02-04T20:00:00+00:00,USDJPY,sell,failed_breakout_fade,0.0000,154399.64
2026-02-05T12:00:00+00:00,2026-02-05T16:00:00+00:00,GBPUSD,buy,failed_breakout_fade,-1.0000,156324.53
2026-02-06T00:00:00+00:00,2026-02-09T00:00:00+00:00,EURUSD,buy,failed_breakout_fade,2.2281,157104.07
2026-02-06T00:00:00+00:00,2026-02-06T16:00:00+00:00,GBPUSD,buy,failed_breakout_fade,2.2718,157104.07
2026-02-06T04:00:00+00:00,2026-02-06T16:00:00+00:00,AUDUSD,buy,failed_breakout_fade,1.9895,157104.07
2026-02-09T00:00:00+00:00,2026-02-09T08:00:00+00:00,USDJPY,sell,failed_breakout_fade,3.0119,162201.71
2026-02-09T07:30:00+00:00,2026-02-09T14:00:00+00:00,EURUSD,buy,london_breakout,2.5323,162201.71
2026-02-10T04:00:00+00:00,2026-02-11T15:00:00+00:00,XAUUSD,buy,gold_pullback,0.0000,166698.08
2026-02-10T16:00:00+00:00,2026-02-11T16:00:00+00:00,EURUSD,sell,failed_breakout_fade,1.5000,166698.08
2026-02-11T07:15:00+00:00,2026-02-11T14:15:00+00:00,EURUSD,buy,london_breakout,-1.0000,166698.08
2026-02-11T16:00:00+00:00,2026-02-12T02:00:00+00:00,XAUUSD,buy,gold_pullback,0.0000,167114.82
2026-02-11T20:00:00+00:00,2026-02-12T04:00:00+00:00,AUDUSD,sell,failed_breakout_fade,1.5000,167114.82
2026-02-12T04:00:00+00:00,2026-02-12T16:00:00+00:00,USDJPY,buy,failed_breakout_fade,0.0000,168368.18
2026-02-12T07:00:00+00:00,2026-02-12T08:00:00+00:00,XAUUSD,buy,gold_pullback,-1.0000,168368.18
2026-02-12T07:15:00+00:00,2026-02-12T09:15:00+00:00,EURUSD,sell,london_breakout,-1.0000,168368.18
2026-02-12T08:00:00+00:00,2026-02-12T16:00:00+00:00,GBPUSD,buy,failed_breakout_fade,0.0000,167526.34
2026-02-13T07:00:00+00:00,2026-02-13T17:00:00+00:00,XAUUSD,sell,gold_pullback,-1.0000,166684.50
2026-02-13T08:00:00+00:00,2026-02-13T16:00:00+00:00,GBPUSD,buy,failed_breakout_fade,1.5000,166684.50
2026-02-13T08:00:00+00:00,2026-02-17T16:00:00+00:00,AUDUSD,buy,failed_breakout_fade,-1.0000,166684.50
2026-02-16T05:00:00+00:00,2026-02-16T08:00:00+00:00,XAUUSD,sell,gold_pullback,0.0000,167101.21
2026-02-17T00:00:00+00:00,2026-02-17T12:00:00+00:00,USDJPY,sell,failed_breakout_fade,0.0000,167101.21
2026-02-17T02:00:00+00:00,2026-02-17T03:00:00+00:00,XAUUSD,sell,gold_pullback,2.1999,167101.21
2026-02-17T08:00:00+00:00,2026-02-17T12:00:00+00:00,EURUSD,buy,failed_breakout_fade,-1.0000,168939.23
2026-02-17T16:00:00+00:00,2026-02-18T16:00:00+00:00,GBPUSD,buy,failed_breakout_fade,0.0000,167261.11
2026-02-17T20:00:00+00:00,2026-02-20T00:00:00+00:00,AUDUSD,buy,failed_breakout_fade,-1.0000,167261.11
2026-02-19T00:00:00+00:00,2026-02-19T12:00:00+00:00,EURUSD,buy,failed_breakout_fade,1.5000,167261.11
2026-02-19T00:00:00+00:00,2026-02-19T04:00:00+00:00,GBPUSD,buy,failed_breakout_fade,-1.0000,167261.11
2026-02-19T07:00:00+00:00,2026-02-20T18:00:00+00:00,XAUUSD,buy,gold_pullback,1.9999,166424.81
2026-02-20T04:00:00+00:00,2026-02-23T00:00:00+00:00,AUDUSD,buy,failed_breakout_fade,2.6500,166842.96
2026-02-20T07:00:00+00:00,2026-02-20T11:00:00+00:00,EURUSD,sell,london_breakout,-1.0000,166842.96
2026-02-20T19:00:00+00:00,2026-02-20T20:00:00+00:00,XAUUSD,buy,gold_pullback,1.9999,167672.93
2026-02-23T08:00:00+00:00,2026-02-23T16:00:00+00:00,GBPUSD,sell,failed_breakout_fade,1.5000,171560.24
2026-02-24T05:00:00+00:00,2026-02-24T15:00:00+00:00,XAUUSD,buy,gold_pullback,-1.0000,172846.95
2026-02-24T16:00:00+00:00,2026-02-25T08:00:00+00:00,AUDUSD,buy,failed_breakout_fade,3.0044,171982.71
2026-02-25T04:00:00+00:00,2026-02-26T16:00:00+00:00,XAUUSD,buy,gold_pullback,-1.0000,171982.71
2026-02-25T07:00:00+00:00,2026-02-25T12:00:00+00:00,EURUSD,buy,london_breakout,-1.0000,171982.71
2026-02-25T12:00:00+00:00,2026-02-25T16:00:00+00:00,AUDUSD,sell,failed_breakout_fade,-1.0000,173706.36
2026-02-25T13:30:00+00:00,2026-02-25T16:00:00+00:00,US500,buy,ny_momentum,1.9516,173706.36
2026-02-26T04:00:00+00:00,2026-02-26T08:00:00+00:00,GBPUSD,sell,failed_breakout_fade,3.7039,174532.87
2026-02-26T17:00:00+00:00,2026-02-26T19:00:00+00:00,XAUUSD,buy,gold_pullback,-1.0000,176905.26
2026-02-27T04:00:00+00:00,2026-02-27T09:00:00+00:00,XAUUSD,buy,gold_pullback,-1.0000,176020.73
2026-02-27T13:30:00+00:00,2026-02-27T16:30:00+00:00,USTEC,sell,ny_momentum,1.9958,175140.63
2026-02-27T13:30:00+00:00,2026-02-27T14:15:00+00:00,US500,sell,ny_momentum,-1.0000,175140.63
2026-03-02T00:00:00+00:00,2026-03-02T08:00:00+00:00,EURUSD,buy,failed_breakout_fade,0.0000,176012.66
2026-03-02T00:00:00+00:00,2026-03-02T08:00:00+00:00,GBPUSD,buy,failed_breakout_fade,0.0000,176012.66
2026-03-02T00:00:00+00:00,2026-03-02T08:00:00+00:00,AUDUSD,buy,failed_breakout_fade,5.3694,176012.66
2026-03-02T08:00:00+00:00,2026-03-02T11:00:00+00:00,EURUSD,sell,london_breakout,1.5000,180738.03
2026-03-02T16:00:00+00:00,2026-03-03T00:00:00+00:00,USDJPY,sell,failed_breakout_fade,0.0000,182093.57
2026-03-03T02:00:00+00:00,2026-03-03T08:00:00+00:00,XAUUSD,buy,gold_pullback,-1.0000,182093.57
2026-03-03T07:30:00+00:00,2026-03-03T10:30:00+00:00,EURUSD,sell,london_breakout,2.6943,182093.57
2026-03-03T12:00:00+00:00,2026-03-03T16:00:00+00:00,GBPUSD,buy,failed_breakout_fade,-1.0000,183636.18
2026-03-03T16:00:00+00:00,2026-03-05T08:00:00+00:00,AUDUSD,buy,failed_breakout_fade,0.0000,182718.00
2026-03-04T05:00:00+00:00,2026-03-06T17:00:00+00:00,XAUUSD,sell,gold_pullback,0.0000,182718.00
2026-03-05T07:45:00+00:00,2026-03-05T11:00:00+00:00,EURUSD,sell,london_breakout,0.0000,182718.00
2026-03-05T20:00:00+00:00,2026-03-06T08:00:00+00:00,AUDUSD,buy,failed_breakout_fade,2.4360,182718.00
2026-03-06T13:30:00+00:00,2026-03-06T15:45:00+00:00,USTEC,sell,ny_momentum,1.9968,184943.50
2026-03-06T13:30:00+00:00,2026-03-06T15:45:00+00:00,US500,sell,ny_momentum,1.9871,184943.50
2026-03-06T16:00:00+00:00,2026-03-09T00:00:00+00:00,EURUSD,buy,failed_breakout_fade,2.6888,188627.43
2026-03-06T16:00:00+00:00,2026-03-09T00:00:00+00:00,USDJPY,sell,failed_breakout_fade,-1.0000,188627.43
2026-03-09T02:00:00+00:00,2026-03-09T07:00:00+00:00,XAUUSD,sell,gold_pullback,-1.0000,190220.21
2026-03-09T04:00:00+00:00,2026-03-10T00:00:00+00:00,USDJPY,sell,failed_breakout_fade,2.5871,190220.21
2026-03-09T07:15:00+00:00,2026-03-09T10:15:00+00:00,EURUSD,buy,london_breakout,-1.0000,189269.11
2026-03-10T00:00:00+00:00,2026-03-10T08:00:00+00:00,EURUSD,sell,failed_breakout_fade,1.5000,190783.32
2026-03-10T00:00:00+00:00,2026-03-10T08:00:00+00:00,GBPUSD,sell,failed_breakout_fade,0.0000,190783.32
2026-03-10T00:00:00+00:00,2026-03-10T08:00:00+00:00,AUDUSD,sell,failed_breakout_fade,0.0000,190783.32
2026-03-10T08:00:00+00:00,2026-03-11T12:00:00+00:00,USDJPY,buy,failed_breakout_fade,2.0680,192214.19
2026-03-11T03:00:00+00:00,2026-03-11T15:00:00+00:00,XAUUSD,buy,gold_pullback,-1.0000,192214.19
2026-03-11T08:00:00+00:00,2026-03-11T09:30:00+00:00,EURUSD,buy,london_breakout,-1.0000,192214.19
2026-03-11T16:00:00+00:00,2026-03-12T12:00:00+00:00,AUDUSD,sell,failed_breakout_fade,1.5000,192279.57
2026-03-12T06:00:00+00:00,2026-03-12T09:00:00+00:00,XAUUSD,sell,gold_pullback,-1.0000,192279.57
2026-03-12T20:00:00+00:00,2026-03-13T04:00:00+00:00,USDJPY,sell,failed_breakout_fade,0.0000,192760.27
2026-03-13T00:00:00+00:00,2026-03-13T04:00:00+00:00,AUDUSD,buy,failed_breakout_fade,-1.0000,192760.27
2026-03-13T05:00:00+00:00,2026-03-13T14:00:00+00:00,XAUUSD,sell,gold_pullback,0.0000,191796.46
2026-03-13T08:15:00+00:00,2026-03-13T10:00:00+00:00,EURUSD,sell,london_breakout,2.5417,191796.46
2026-03-13T12:00:00+00:00,2026-03-13T16:00:00+00:00,GBPUSD,buy,failed_breakout_fade,-1.0000,194233.93
2026-03-16T13:30:00+00:00,2026-03-16T16:00:00+00:00,USTEC,buy,ny_momentum,1.9947,193262.76
2026-03-16T13:30:00+00:00,2026-03-16T15:30:00+00:00,US500,buy,ny_momentum,0.0000,193262.76
2026-03-16T16:00:00+00:00,2026-03-17T00:00:00+00:00,USDJPY,buy,failed_breakout_fade,1.5000,195190.28
2026-03-16T16:00:00+00:00,2026-03-18T15:00:00+00:00,XAUUSD,sell,gold_pullback,2.0000,195190.28
2026-03-17T04:00:00+00:00,2026-03-17T12:00:00+00:00,AUDUSD,sell,failed_breakout_fade,0.0000,196654.20
2026-03-17T07:45:00+00:00,2026-03-17T09:00:00+00:00,EURUSD,sell,london_breakout,0.0000,196654.20
2026-03-17T20:00:00+00:00,2026-03-18T12:00:00+00:00,EURUSD,sell,failed_breakout_fade,0.0000,196654.20
2026-03-17T20:00:00+00:00,2026-03-18T04:00:00+00:00,GBPUSD,sell,failed_breakout_fade,-1.0000,196654.20
2026-03-18T08:00:00+00:00,2026-03-18T12:00:00+00:00,GBPUSD,sell,failed_breakout_fade,3.5731,195670.93
2026-03-18T16:00:00+00:00,2026-03-18T20:00:00+00:00,EURUSD,sell,failed_breakout_fade,0.1802,201118.53
2026-03-18T16:00:00+00:00,2026-03-18T17:00:00+00:00,XAUUSD,sell,gold_pullback,2.1999,201118.53
2026-03-19T00:00:00+00:00,2026-03-19T08:00:00+00:00,GBPUSD,buy,failed_breakout_fade,0.0000,203511.96
2026-03-19T08:00:00+00:00,2026-03-19T16:00:00+00:00,EURUSD,buy,failed_breakout_fade,2.6532,203511.96
2026-03-20T07:45:00+00:00,2026-03-20T09:45:00+00:00,EURUSD,sell,london_breakout,-1.0000,206211.74
2026-03-20T11:00:00+00:00,2026-03-20T21:00:00+00:00,XAUUSD,sell,gold_pullback,1.5436,205180.68
2026-03-23T07:30:00+00:00,2026-03-23T09:30:00+00:00,EURUSD,sell,london_breakout,0.0000,206764.28
2026-03-23T12:00:00+00:00,2026-03-23T20:00:00+00:00,GBPUSD,buy,failed_breakout_fade,4.8112,206764.28
2026-03-23T12:00:00+00:00,2026-03-23T20:00:00+00:00,AUDUSD,buy,failed_breakout_fade,2.2705,206764.28
2026-03-24T03:00:00+00:00,2026-03-25T01:00:00+00:00,XAUUSD,sell,gold_pullback,-1.0000,214085.51
2026-03-25T07:00:00+00:00,2026-03-25T10:15:00+00:00,EURUSD,sell,london_breakout,-1.0000,213015.08
2026-03-25T16:00:00+00:00,2026-03-26T08:00:00+00:00,EURUSD,buy,failed_breakout_fade,-1.0000,211950.01
2026-03-26T03:00:00+00:00,2026-03-26T04:00:00+00:00,XAUUSD,buy,gold_pullback,-1.0000,211950.01
2026-03-26T04:00:00+00:00,2026-03-26T12:00:00+00:00,AUDUSD,buy,failed_breakout_fade,-1.0000,210890.26
2026-03-26T08:00:00+00:00,2026-03-26T12:00:00+00:00,USDJPY,sell,failed_breakout_fade,-1.0000,209830.51
2026-03-26T12:00:00+00:00,2026-03-26T16:00:00+00:00,EURUSD,buy,failed_breakout_fade,-1.0000,207726.90
2026-03-26T12:00:00+00:00,2026-03-26T20:00:00+00:00,GBPUSD,buy,failed_breakout_fade,-1.0000,207726.90
2026-03-27T00:00:00+00:00,2026-03-27T08:00:00+00:00,AUDUSD,buy,failed_breakout_fade,0.0000,205649.63
2026-03-27T11:00:00+00:00,2026-03-27T16:00:00+00:00,XAUUSD,sell,gold_pullback,-1.0000,205649.63
2026-03-27T12:00:00+00:00,2026-03-27T20:00:00+00:00,EURUSD,buy,failed_breakout_fade,0.0000,205649.63
2026-03-30T00:00:00+00:00,2026-03-30T08:00:00+00:00,EURUSD,buy,failed_breakout_fade,0.0000,204621.38
2026-03-30T00:00:00+00:00,2026-04-01T00:00:00+00:00,USDJPY,sell,failed_breakout_fade,2.7047,204621.38
2026-03-30T05:00:00+00:00,2026-03-30T06:00:00+00:00,XAUUSD,buy,gold_pullback,2.1999,204621.38
2026-03-30T07:15:00+00:00,2026-03-30T10:00:00+00:00,EURUSD,buy,london_breakout,-1.0000,206872.08
2026-03-31T00:00:00+00:00,2026-03-31T16:00:00+00:00,GBPUSD,buy,failed_breakout_fade,1.5000,205837.72
2026-03-31T04:00:00+00:00,2026-03-31T08:00:00+00:00,XAUUSD,buy,gold_pullback,0.0000,205837.72
2026-04-01T04:00:00+00:00,2026-04-01T08:00:00+00:00,USDJPY,buy,failed_breakout_fade,-1.0000,210148.71
2026-04-01T20:00:00+00:00,2026-04-02T04:00:00+00:00,GBPUSD,sell,failed_breakout_fade,2.4480,209097.97
2026-04-02T07:15:00+00:00,2026-04-03T00:15:00+00:00,EURUSD,sell,london_breakout,0.0000,211657.36
2026-04-06T00:00:00+00:00,2026-04-06T08:00:00+00:00,GBPUSD,buy,failed_breakout_fade,2.6580,211657.36
2026-04-06T12:00:00+00:00,2026-04-07T00:00:00+00:00,AUDUSD,sell,failed_breakout_fade,1.5000,214470.28
2026-04-06T16:00:00+00:00,2026-04-07T08:00:00+00:00,EURUSD,sell,failed_breakout_fade,0.0000,214470.28
2026-04-06T17:00:00+00:00,2026-04-06T18:00:00+00:00,XAUUSD,buy,gold_pullback,-1.0000,214470.28
2026-04-07T04:00:00+00:00,2026-04-07T12:00:00+00:00,USDJPY,sell,failed_breakout_fade,1.5000,215006.45
2026-04-08T08:00:00+00:00,2026-04-08T12:00:00+00:00,USDJPY,buy,failed_breakout_fade,-1.0000,216619.00
2026-04-08T16:00:00+00:00,2026-04-09T00:00:00+00:00,EURUSD,sell,failed_breakout_fade,2.9349,215535.90
2026-04-09T14:00:00+00:00,2026-04-09T18:00:00+00:00,XAUUSD,buy,gold_pullback,1.9999,218698.77
2026-04-09T20:00:00+00:00,2026-04-10T12:00:00+00:00,EURUSD,sell,failed_breakout_fade,0.0000,220885.60
2026-04-09T20:00:00+00:00,2026-04-10T12:00:00+00:00,AUDUSD,sell,failed_breakout_fade,1.5000,220885.60
2026-04-10T04:00:00+00:00,2026-04-10T05:00:00+00:00,XAUUSD,buy,gold_pullback,-1.0000,220885.60
2026-04-10T16:00:00+00:00,2026-04-13T00:00:00+00:00,EURUSD,sell,failed_breakout_fade,2.0251,221437.81
2026-04-13T00:00:00+00:00,2026-04-13T12:00:00+00:00,GBPUSD,buy,failed_breakout_fade,2.7550,223679.99
2026-04-13T00:00:00+00:00,2026-04-13T08:00:00+00:00,AUDUSD,buy,failed_breakout_fade,4.1113,223679.99
2026-04-13T12:00:00+00:00,2026-04-13T16:00:00+00:00,XAUUSD,sell,gold_pullback,-1.0000,231359.24
2026-04-14T00:00:00+00:00,2026-04-14T08:00:00+00:00,AUDUSD,sell,failed_breakout_fade,0.0000,230202.45
2026-04-14T16:00:00+00:00,2026-04-15T08:00:00+00:00,EURUSD,sell,failed_breakout_fade,1.5000,230202.45
2026-04-14T16:00:00+00:00,2026-04-15T00:00:00+00:00,USDJPY,buy,failed_breakout_fade,0.0000,230202.45
2026-04-15T16:00:00+00:00,2026-04-15T18:00:00+00:00,XAUUSD,buy,gold_pullback,-1.0000,231928.97
2026-04-16T02:00:00+00:00,2026-04-16T04:00:00+00:00,XAUUSD,buy,gold_pullback,0.0000,230769.32
2026-04-17T04:00:00+00:00,2026-04-17T08:00:00+00:00,GBPUSD,buy,failed_breakout_fade,-1.0000,230769.32
2026-04-17T08:00:00+00:00,2026-04-17T16:00:00+00:00,USDJPY,sell,failed_breakout_fade,4.7435,229615.48
2026-04-17T09:00:00+00:00,2026-04-17T10:00:00+00:00,XAUUSD,sell,gold_pullback,1.9995,229615.48
2026-04-17T16:00:00+00:00,2026-04-20T04:00:00+00:00,EURUSD,sell,failed_breakout_fade,2.9345,237356.99
2026-04-17T16:00:00+00:00,2026-04-20T04:00:00+00:00,AUDUSD,sell,failed_breakout_fade,3.1210,237356.99
2026-04-20T11:00:00+00:00,2026-04-20T14:00:00+00:00,XAUUSD,sell,gold_pullback,-1.0000,244543.63
